{
  "timestamp": "2025-12-16T19:51:01.518603",
  "n_realizations": 10,
  "n_matrix": 800,
  "n_bulk": 480,
  "r": {
    "mean": 0.6020752169113208,
    "std": 0.011786235285147361
  },
  "spacing": {
    "mean": 0.9996224392700063,
    "std": 0.4225383376804978
  },
  "sigma2": {
    "2": {
      "mean": 0.40498500000000004,
      "std": 0.025980033679731798
    },
    "5": {
      "mean": 0.4829175,
      "std": 0.051317779630942716
    },
    "10": {
      "mean": 0.5436825000000001,
      "std": 0.07084887706414265
    },
    "15": {
      "mean": 0.594795,
      "std": 0.10084816483208807
    },
    "20": {
      "mean": 0.6293024999999999,
      "std": 0.10236041559729032
    }
  },
  "delta3": {
    "2": {
      "mean": 0.02881843008846115,
      "std": 0.006006137496337634
    },
    "5": {
      "mean": 0.05354699705136452,
      "std": 0.0029378166677951276
    },
    "10": {
      "mean": 0.09207901076338351,
      "std": 0.004496633385331163
    },
    "15": {
      "mean": 0.11350963876962912,
      "std": 0.006610469296908347
    },
    "20": {
      "mean": 0.12851677919600787,
      "std": 0.008931800767116619
    }
  }
}
